{
  "asof": "2026-07-24",
  "source": "TradingView (scanner) — Recommend.All por timeframe",
  "status": "ok",
  "count": "17/17",
  "byAsset": {
    "EURUSD": {
      "last": 1.13801,
      "chg": 0.04395565753267619,
      "perfW": -0.5218622703194139,
      "perf1M": -0.021084998901824553,
      "rsi": 40,
      "atr": 0.005023225580355589,
      "adx": 26,
      "W1": -1,
      "D1": -1,
      "H4": -1
    },
    "GBPUSD": {
      "last": 1.3318,
      "chg": 0.022530980097648444,
      "perfW": -1.1577853644055096,
      "perf1M": 0.886296492689951,
      "rsi": 45,
      "atr": 0.007390294621846735,
      "adx": 15,
      "W1": -1,
      "D1": -1,
      "H4": -1
    },
    "AUDUSD": {
      "last": 0.69738,
      "chg": 0.09185635961764416,
      "perfW": -0.2945213313507879,
      "perf1M": 0.8226228512773024,
      "rsi": 49,
      "atr": 0.0042645162843191736,
      "adx": 20,
      "W1": 1,
      "D1": -1,
      "H4": -1
    },
    "NZDUSD": {
      "last": 0.578,
      "chg": 0.15595217466643768,
      "perfW": -0.9374946441119656,
      "perf1M": 1.9796040791841647,
      "rsi": 51,
      "atr": 0.004269128236068277,
      "adx": 24,
      "W1": -1,
      "D1": -1,
      "H4": -1
    },
    "USDCAD": {
      "last": 1.40756,
      "chg": -0.009945300845352632,
      "perfW": 0.26927296299989273,
      "perf1M": -0.9186194662856102,
      "rsi": 49,
      "atr": 0.005081005146933222,
      "adx": 27,
      "W1": 1,
      "D1": 0,
      "H4": -1
    },
    "USDJPY": {
      "last": 163.883,
      "chg": 0.07816555219688823,
      "perfW": 0.9604248293536368,
      "perf1M": 1.4692588694198618,
      "rsi": 71,
      "atr": 0.6616263245719267,
      "adx": 20,
      "W1": 2,
      "D1": 2,
      "H4": 1
    },
    "USDCHF": {
      "last": 0.81671,
      "chg": 0.0771983138907974,
      "perfW": 1.064211555357569,
      "perf1M": 0.9143591454448943,
      "rsi": 65,
      "atr": 0.004822188500198268,
      "adx": 28,
      "W1": 1,
      "D1": 1,
      "H4": 1
    },
    "AUDJPY": {
      "last": 114.286,
      "chg": 0.16038140977889007,
      "perfW": 0.6676766964977764,
      "perf1M": 2.3334527220630323,
      "rsi": 64,
      "atr": 0.6436178688124014,
      "adx": 19,
      "W1": 1,
      "D1": 1,
      "H4": 2
    },
    "NZDJPY": {
      "last": 94.723,
      "chg": 0.2211312609772131,
      "perfW": -0.024275431152762265,
      "perf1M": 3.461345217030383,
      "rsi": 62,
      "atr": 0.5978926218255385,
      "adx": 30,
      "W1": 1,
      "D1": 2,
      "H4": 0
    },
    "AUDCAD": {
      "last": 0.98155,
      "chg": 0.05912515163562851,
      "perfW": -0.011205509035709256,
      "perf1M": -0.035645177716667836,
      "rsi": 48,
      "atr": 0.005191495266991158,
      "adx": 13,
      "W1": 1,
      "D1": -1,
      "H4": -1
    },
    "EURCHF": {
      "last": 0.92941,
      "chg": 0.06890834113935355,
      "perfW": 0.481101885486935,
      "perf1M": 0.8737084310150215,
      "rsi": 64,
      "atr": 0.002961635481849856,
      "adx": 21,
      "W1": 1,
      "D1": 1,
      "H4": 2
    },
    "XAUUSD": {
      "last": 4049.345,
      "chg": -0.01116105325773676,
      "perfW": 1.8183166835553062,
      "perf1M": -1.6029169126991794,
      "rsi": 45,
      "atr": 92.0209410937462,
      "adx": 34,
      "W1": 0,
      "D1": -1,
      "H4": -1
    },
    "XAGUSD": {
      "last": 57.705,
      "chg": 0.15012539375374387,
      "perfW": 3.761710391455233,
      "perf1M": -6.324572653041348,
      "rsi": 42,
      "atr": 2.759722614454383,
      "adx": 39,
      "W1": 0,
      "D1": -1,
      "H4": -1
    },
    "USOIL": {
      "last": 92.103,
      "chg": -0.27070046452199714,
      "perfW": 15.775646424396312,
      "perf1M": 26.10975709943312,
      "rsi": 71,
      "atr": 3.764182914928624,
      "adx": 32,
      "W1": 1,
      "D1": 1,
      "H4": 1
    },
    "US500": {
      "last": 7408.3,
      "chg": -1.208967643513232,
      "perfW": -1.9910567814997089,
      "perf1M": 0.5672971325634522,
      "rsi": 45,
      "atr": 80.84461261117401,
      "adx": 13,
      "W1": 1,
      "D1": -1,
      "H4": -1
    },
    "USTEC": {
      "last": 28454.8083,
      "chg": -1.8735440964486618,
      "perfW": -2.9452317975787725,
      "perf1M": -3.1135975440433925,
      "rsi": 42,
      "atr": 591.8181177860968,
      "adx": 20,
      "W1": 1,
      "D1": -1,
      "H4": -1
    },
    "US30": {
      "last": 51711.65,
      "chg": -0.97078472834765,
      "perfW": -2.2923253835721042,
      "perf1M": -0.046370355136223236,
      "rsi": 46,
      "atr": 567.7704381774603,
      "adx": 19,
      "W1": 1,
      "D1": -1,
      "H4": -1
    }
  }
}
