{
  "asof": "2026-07-24",
  "source": "TradingView (scanner) — Recommend.All por timeframe",
  "status": "ok",
  "count": "17/17",
  "byAsset": {
    "EURUSD": {
      "last": 1.13835,
      "chg": 0.0738455046548999,
      "perfW": -0.4921414710047399,
      "perf1M": 0.008785416209091939,
      "rsi": 41,
      "atr": 0.005073939866069874,
      "adx": 26,
      "W1": -1,
      "D1": -1,
      "H4": -1
    },
    "GBPUSD": {
      "last": 1.3319,
      "chg": 0.03004130679685903,
      "perfW": -1.150363663351629,
      "perf1M": 0.8938716763881549,
      "rsi": 45,
      "atr": 0.007483151764703868,
      "adx": 15,
      "W1": -1,
      "D1": -1,
      "H4": -1
    },
    "AUDUSD": {
      "last": 0.69787,
      "chg": 0.16218388494990446,
      "perfW": -0.22446528651492056,
      "perf1M": 0.8934638349549601,
      "rsi": 50,
      "atr": 0.004314516284319176,
      "adx": 20,
      "W1": 1,
      "D1": 0,
      "H4": -1
    },
    "NZDUSD": {
      "last": 0.57785,
      "chg": 0.12996014555536797,
      "perfW": -0.9632029067475738,
      "perf1M": 1.9531387840079089,
      "rsi": 50,
      "atr": 0.004304842521782559,
      "adx": 24,
      "W1": -1,
      "D1": -1,
      "H4": -1
    },
    "USDCAD": {
      "last": 1.40775,
      "chg": 0.003551893159061271,
      "perfW": 0.2828078473834952,
      "perf1M": -0.9052449299948524,
      "rsi": 49,
      "atr": 0.005130290861218942,
      "adx": 27,
      "W1": 1,
      "D1": 1,
      "H4": -1
    },
    "USDJPY": {
      "last": 163.788,
      "chg": 0.020152056425767433,
      "perfW": 0.901899903895911,
      "perf1M": 1.4104389821063836,
      "rsi": 70,
      "atr": 0.663697753143355,
      "adx": 20,
      "W1": 2,
      "D1": 1,
      "H4": 1
    },
    "USDCHF": {
      "last": 0.8168,
      "chg": 0.08822664444661588,
      "perfW": 1.0753486530299063,
      "perf1M": 0.9254797296462415,
      "rsi": 65,
      "atr": 0.004857902785912549,
      "adx": 28,
      "W1": 1,
      "D1": 1,
      "H4": 1
    },
    "AUDJPY": {
      "last": 114.305,
      "chg": 0.17703303155921615,
      "perfW": 0.6844126559086754,
      "perf1M": 2.3504656160458453,
      "rsi": 64,
      "atr": 0.6454035830981161,
      "adx": 19,
      "W1": 1,
      "D1": 1,
      "H4": 1
    },
    "NZDJPY": {
      "last": 94.648,
      "chg": 0.14177793766002958,
      "perfW": -0.10343444578135118,
      "perf1M": 3.379426349476805,
      "rsi": 62,
      "atr": 0.5994640503969665,
      "adx": 30,
      "W1": 1,
      "D1": 2,
      "H4": 0
    },
    "AUDCAD": {
      "last": 0.98232,
      "chg": 0.13761888742774625,
      "perfW": 0.06723305421428946,
      "perf1M": 0.04277421326000366,
      "rsi": 49,
      "atr": 0.005256495266991164,
      "adx": 13,
      "W1": 1,
      "D1": 1,
      "H4": -1
    },
    "EURCHF": {
      "last": 0.9298,
      "chg": 0.11089936152114897,
      "perfW": 0.5232658709565771,
      "perf1M": 0.9160371624555009,
      "rsi": 65,
      "atr": 0.0030116354818498503,
      "adx": 21,
      "W1": 1,
      "D1": 1,
      "H4": 2
    },
    "XAUUSD": {
      "last": 4035.4,
      "chg": -0.35549930033529914,
      "perfW": 1.4676781417288753,
      "perf1M": -1.9417735237442697,
      "rsi": 44,
      "atr": 93.41094109374625,
      "adx": 34,
      "W1": 0,
      "D1": -1,
      "H4": -1
    },
    "XAGUSD": {
      "last": 57.624,
      "chg": 0.009545545267587573,
      "perfW": 3.616060992933312,
      "perf1M": -6.456064024934656,
      "rsi": 42,
      "atr": 2.7913654715972407,
      "adx": 39,
      "W1": 0,
      "D1": -1,
      "H4": -1
    },
    "USOIL": {
      "last": 91.233,
      "chg": -1.2127380810585366,
      "perfW": 14.682035875454108,
      "perf1M": 24.918531095106385,
      "rsi": 69,
      "atr": 3.8216114863571953,
      "adx": 32,
      "W1": 1,
      "D1": 1,
      "H4": 1
    },
    "US500": {
      "last": 7408.3,
      "chg": -1.208967643513232,
      "perfW": -1.9910567814997089,
      "perf1M": 0.5672971325634522,
      "rsi": 45,
      "atr": 80.84461261117401,
      "adx": 13,
      "W1": 1,
      "D1": -1,
      "H4": -1
    },
    "USTEC": {
      "last": 28454.8083,
      "chg": -1.8735440964486618,
      "perfW": -2.9452317975787725,
      "perf1M": -3.1135975440433925,
      "rsi": 42,
      "atr": 591.8181177860968,
      "adx": 20,
      "W1": 1,
      "D1": -1,
      "H4": -1
    },
    "US30": {
      "last": 51711.65,
      "chg": -0.97078472834765,
      "perfW": -2.2923253835721042,
      "perf1M": -0.046370355136223236,
      "rsi": 46,
      "atr": 567.7704381774603,
      "adx": 19,
      "W1": 1,
      "D1": -1,
      "H4": -1
    }
  }
}
