{
  "asof": "2026-07-24",
  "source": "TradingView (scanner) — Recommend.All por timeframe",
  "status": "ok",
  "count": "17/17",
  "byAsset": {
    "EURUSD": {
      "last": 1.13835,
      "chg": 0.0738455046548999,
      "perfW": -0.4921414710047399,
      "perf1M": 0.008785416209091939,
      "rsi": 41,
      "atr": 0.005053225580355596,
      "adx": 26,
      "W1": -1,
      "D1": -1,
      "H4": -1
    },
    "GBPUSD": {
      "last": 1.3324,
      "chg": 0.06759294029291198,
      "perfW": -1.1132551580822252,
      "perf1M": 0.9317475948791741,
      "rsi": 46,
      "atr": 0.0074402946218467296,
      "adx": 15,
      "W1": -1,
      "D1": -1,
      "H4": -1
    },
    "AUDUSD": {
      "last": 0.69758,
      "chg": 0.12056147199815596,
      "perfW": -0.26592702733615076,
      "perf1M": 0.8515375384926702,
      "rsi": 49,
      "atr": 0.004286659141462033,
      "adx": 20,
      "W1": 1,
      "D1": 0,
      "H4": -1
    },
    "NZDUSD": {
      "last": 0.57833,
      "chg": 0.21313463871080654,
      "perfW": -0.8809364663136122,
      "perf1M": 2.0378277285719433,
      "rsi": 51,
      "atr": 0.004290556807496846,
      "adx": 24,
      "W1": -1,
      "D1": -1,
      "H4": -1
    },
    "USDCAD": {
      "last": 1.407,
      "chg": -0.04972650422674738,
      "perfW": 0.22938067218510028,
      "perf1M": -0.9580391521951768,
      "rsi": 48,
      "atr": 0.00511957657550465,
      "adx": 27,
      "W1": 1,
      "D1": 0,
      "H4": -1
    },
    "USDJPY": {
      "last": 163.827,
      "chg": 0.043968123110746375,
      "perfW": 0.9142209408343686,
      "perf1M": 1.422822116277631,
      "rsi": 70,
      "atr": 0.6616263245719267,
      "adx": 20,
      "W1": 2,
      "D1": 1,
      "H4": 1
    },
    "USDCHF": {
      "last": 0.81623,
      "chg": 0.01838055092637774,
      "perfW": 1.0048137011050495,
      "perf1M": 0.855049363037654,
      "rsi": 64,
      "atr": 0.004822188500198268,
      "adx": 28,
      "W1": 1,
      "D1": 1,
      "H4": 1
    },
    "AUDJPY": {
      "last": 114.269,
      "chg": 0.14548259029123778,
      "perfW": 0.6527024170248746,
      "perf1M": 2.3182306590257866,
      "rsi": 64,
      "atr": 0.6436178688124014,
      "adx": 19,
      "W1": 1,
      "D1": 1,
      "H4": 2
    },
    "NZDJPY": {
      "last": 94.737,
      "chg": 0.23594388132974903,
      "perfW": -0.009499081755430669,
      "perf1M": 3.4766367389737125,
      "rsi": 62,
      "atr": 0.5978926218255385,
      "adx": 30,
      "W1": 1,
      "D1": 2,
      "H4": 1
    },
    "AUDCAD": {
      "last": 0.98143,
      "chg": 0.0468923616420498,
      "perfW": -0.02342970071103564,
      "perf1M": -0.047866381505241924,
      "rsi": 48,
      "atr": 0.00519720955270545,
      "adx": 13,
      "W1": 1,
      "D1": -1,
      "H4": -1
    },
    "EURCHF": {
      "last": 0.92924,
      "chg": 0.05060456302421164,
      "perfW": 0.462722712333501,
      "perf1M": 0.855257445515325,
      "rsi": 64,
      "atr": 0.002961635481849856,
      "adx": 21,
      "W1": 1,
      "D1": 1,
      "H4": 2
    },
    "XAUUSD": {
      "last": 4048.157,
      "chg": -0.040495856952826835,
      "perfW": 1.788445146252353,
      "perf1M": -1.6317847258165301,
      "rsi": 45,
      "atr": 92.0323696651748,
      "adx": 34,
      "W1": 0,
      "D1": -1,
      "H4": -1
    },
    "XAGUSD": {
      "last": 57.6868,
      "chg": 0.11853831668648211,
      "perfW": 3.728984230305861,
      "perf1M": -6.354117627960586,
      "rsi": 42,
      "atr": 2.769222614454383,
      "adx": 39,
      "W1": 0,
      "D1": -1,
      "H4": -1
    },
    "USOIL": {
      "last": 91.619,
      "chg": -0.7947765638365778,
      "perfW": 15.167246992570995,
      "perf1M": 25.4470520579456,
      "rsi": 70,
      "atr": 3.791754343500053,
      "adx": 32,
      "W1": 1,
      "D1": 1,
      "H4": 1
    },
    "US500": {
      "last": 7408.3,
      "chg": -1.208967643513232,
      "perfW": -1.9910567814997089,
      "perf1M": 0.5672971325634522,
      "rsi": 45,
      "atr": 80.84461261117401,
      "adx": 13,
      "W1": 1,
      "D1": -1,
      "H4": -1
    },
    "USTEC": {
      "last": 28454.8083,
      "chg": -1.8735440964486618,
      "perfW": -2.9452317975787725,
      "perf1M": -3.1135975440433925,
      "rsi": 42,
      "atr": 591.8181177860968,
      "adx": 20,
      "W1": 1,
      "D1": -1,
      "H4": -1
    },
    "US30": {
      "last": 51711.65,
      "chg": -0.97078472834765,
      "perfW": -2.2923253835721042,
      "perf1M": -0.046370355136223236,
      "rsi": 46,
      "atr": 567.7704381774603,
      "adx": 19,
      "W1": 1,
      "D1": -1,
      "H4": -1
    }
  }
}
