{
  "asof": "2026-07-23",
  "source": "TradingView (scanner) — Recommend.All por timeframe",
  "status": "ok",
  "count": "17/17",
  "byAsset": {
    "EURUSD": {
      "last": 1.13773,
      "chg": -0.25686883032631097,
      "perfW": -0.7588775590310923,
      "perf1M": -0.4392911835484598,
      "rsi": 40,
      "atr": 0.005368858317306026,
      "adx": 26,
      "W1": -1,
      "D1": -2,
      "H4": -1
    },
    "GBPUSD": {
      "last": 1.3317,
      "chg": -0.41875420623643367,
      "perfW": -1.6106390838566547,
      "perf1M": 0.5511929930534645,
      "rsi": 45,
      "atr": 0.007904932669681088,
      "adx": 16,
      "W1": -1,
      "D1": -2,
      "H4": -1
    },
    "AUDUSD": {
      "last": 0.69643,
      "chg": -0.3676680972818257,
      "perfW": -0.5724972874193305,
      "perf1M": -0.5099999999999946,
      "rsi": 47,
      "atr": 0.004531017536959108,
      "adx": 21,
      "W1": 1,
      "D1": -1,
      "H4": -1
    },
    "NZDUSD": {
      "last": 0.57712,
      "chg": -0.715661987338297,
      "perfW": -1.3824097332581538,
      "perf1M": 1.0311083101377643,
      "rsi": 49,
      "atr": 0.004509830408073527,
      "adx": 26,
      "W1": -1,
      "D1": -1,
      "H4": -1
    },
    "USDCAD": {
      "last": 1.408,
      "chg": -0.021302279343903215,
      "perfW": 0.3099063156769746,
      "perf1M": -0.5558419911432577,
      "rsi": 49,
      "atr": 0.0053849286197742334,
      "adx": 28,
      "W1": 1,
      "D1": 0,
      "H4": -1
    },
    "USDJPY": {
      "last": 163.803,
      "chg": 0.43964534049518933,
      "perfW": 1.0480925825395941,
      "perf1M": 1.4084245455896227,
      "rsi": 70,
      "atr": 0.6982898880005363,
      "adx": 19,
      "W1": 2,
      "D1": 2,
      "H4": 1
    },
    "USDCHF": {
      "last": 0.81662,
      "chg": 0.29229711141678727,
      "perfW": 1.5040023865161836,
      "perf1M": 1.0405711386892056,
      "rsi": 64,
      "atr": 0.005089279923290437,
      "adx": 28,
      "W1": 1,
      "D1": 2,
      "H4": 1
    },
    "AUDJPY": {
      "last": 114.086,
      "chg": 0.1061729478348573,
      "perfW": 0.5136428112032267,
      "perf1M": 0.9226577497058571,
      "rsi": 62,
      "atr": 0.6766653971825862,
      "adx": 18,
      "W1": 1,
      "D1": 1,
      "H4": 1
    },
    "NZDJPY": {
      "last": 94.521,
      "chg": -0.39936775553214426,
      "perfW": -0.3426607342428809,
      "perf1M": 2.43624895689964,
      "rsi": 61,
      "atr": 0.6258843619659639,
      "adx": 30,
      "W1": 2,
      "D1": 1,
      "H4": 0
    },
    "AUDCAD": {
      "last": 0.98049,
      "chg": -0.3415154749199603,
      "perfW": -0.20661157024793148,
      "perf1M": -1.056551223056428,
      "rsi": 47,
      "atr": 0.0055277641336827915,
      "adx": 13,
      "W1": 1,
      "D1": -1,
      "H4": -1
    },
    "EURCHF": {
      "last": 0.92909,
      "chg": 0.001076333577297379,
      "perfW": 0.6968980989746966,
      "perf1M": 0.5639260510022878,
      "rsi": 64,
      "atr": 0.003129453595838306,
      "adx": 19,
      "W1": 1,
      "D1": 1,
      "H4": 1
    },
    "XAUUSD": {
      "last": 4046.619,
      "chg": -2.017890258905848,
      "perfW": -0.3953301761398805,
      "perf1M": -3.475196252185555,
      "rsi": 44,
      "atr": 98.38255194711132,
      "adx": 35,
      "W1": 0,
      "D1": -2,
      "H4": -1
    },
    "XAGUSD": {
      "last": 57.5223,
      "chg": -3.6380540757865134,
      "perfW": -0.5157340389654211,
      "perf1M": -11.572175249807833,
      "rsi": 41,
      "atr": 2.944547430950874,
      "adx": 40,
      "W1": 0,
      "D1": -2,
      "H4": -1
    },
    "USOIL": {
      "last": 91.448,
      "chg": 5.777705805466542,
      "perfW": 13.979459567254954,
      "perf1M": 23.498271391529805,
      "rsi": 71,
      "atr": 3.9887354468462104,
      "adx": 30,
      "W1": 1,
      "D1": 2,
      "H4": 1
    },
    "US500": {
      "last": 7398.06,
      "chg": -1.3455199120944723,
      "perfW": -2.126528020320683,
      "perf1M": 0.4282896514088786,
      "rsi": 44,
      "atr": 80.84461261117401,
      "adx": 13,
      "W1": 1,
      "D1": -1,
      "H4": -1
    },
    "USTEC": {
      "last": 28353.4316,
      "chg": -2.2231418226859394,
      "perfW": -3.291011393627798,
      "perf1M": -3.458777298983328,
      "rsi": 41,
      "atr": 591.8181177860968,
      "adx": 20,
      "W1": 1,
      "D1": -1,
      "H4": -1
    },
    "US30": {
      "last": 51704.97,
      "chg": -0.983577109909922,
      "perfW": -2.304947051347891,
      "perf1M": -0.059282150563901896,
      "rsi": 46,
      "atr": 567.7704381774603,
      "adx": 19,
      "W1": 1,
      "D1": -1,
      "H4": -1
    }
  }
}
