{
  "asof": "2026-07-24",
  "source": "TradingView (scanner) — Recommend.All por timeframe",
  "status": "ok",
  "count": "17/17",
  "byAsset": {
    "EURUSD": {
      "last": 1.13717,
      "chg": -0.029889847122223714,
      "perfW": -0.595290127449779,
      "perf1M": -0.09488249505820073,
      "rsi": 39,
      "atr": 0.005244654151784168,
      "adx": 26,
      "W1": -1,
      "D1": -1,
      "H4": -2
    },
    "GBPUSD": {
      "last": 1.3312,
      "chg": -0.022530980097631766,
      "perfW": -1.2023155707288105,
      "perf1M": 0.840845390500711,
      "rsi": 44,
      "atr": 0.0076117231932752985,
      "adx": 15,
      "W1": -1,
      "D1": -2,
      "H4": -1
    },
    "AUDUSD": {
      "last": 0.6977,
      "chg": 0.13778453942646623,
      "perfW": -0.2487704449273653,
      "perf1M": 0.8688863508218941,
      "rsi": 49,
      "atr": 0.004417373427176319,
      "adx": 20,
      "W1": 1,
      "D1": 0,
      "H4": -1
    },
    "NZDUSD": {
      "last": 0.57802,
      "chg": 0.15941777854791753,
      "perfW": -0.9340668757605474,
      "perf1M": 1.9831327852076694,
      "rsi": 51,
      "atr": 0.004341271093211131,
      "adx": 24,
      "W1": -1,
      "D1": -1,
      "H4": -1
    },
    "USDCAD": {
      "last": 1.41057,
      "chg": 0.2038786673296974,
      "perfW": 0.4836940261294557,
      "perf1M": -0.706738654521637,
      "rsi": 53,
      "atr": 0.0053460051469332295,
      "adx": 26,
      "W1": 1,
      "D1": 1,
      "H4": 1
    },
    "USDJPY": {
      "last": 163.846,
      "chg": 0.05557082226497401,
      "perfW": 0.9376309110174659,
      "perf1M": 1.4463500712030295,
      "rsi": 71,
      "atr": 0.6688406102862123,
      "adx": 20,
      "W1": 2,
      "D1": 1,
      "H4": 2
    },
    "USDCHF": {
      "last": 0.81819,
      "chg": 0.25855308303106866,
      "perfW": 1.247354939302815,
      "perf1M": 1.0972309745338622,
      "rsi": 66,
      "atr": 0.004948617071626827,
      "adx": 28,
      "W1": 1,
      "D1": 2,
      "H4": 2
    },
    "AUDJPY": {
      "last": 114.308,
      "chg": 0.17966223499821435,
      "perfW": 0.6870551758156588,
      "perf1M": 2.353151862464183,
      "rsi": 64,
      "atr": 0.6591178688124023,
      "adx": 19,
      "W1": 1,
      "D1": 1,
      "H4": 1
    },
    "NZDJPY": {
      "last": 94.716,
      "chg": 0.21372495080093762,
      "perfW": -0.031663605851435565,
      "perf1M": 3.4536994560587106,
      "rsi": 62,
      "atr": 0.6038211932541098,
      "adx": 30,
      "W1": 1,
      "D1": 2,
      "H4": 0
    },
    "AUDCAD": {
      "last": 0.98403,
      "chg": 0.31193614483622856,
      "perfW": 0.2414277855876763,
      "perf1M": 0.21692636724717032,
      "rsi": 51,
      "atr": 0.0054129238384197295,
      "adx": 13,
      "W1": 1,
      "D1": 2,
      "H4": 1
    },
    "EURCHF": {
      "last": 0.93044,
      "chg": 0.1798077026605145,
      "perfW": 0.5924580522401013,
      "perf1M": 0.9854996961014248,
      "rsi": 66,
      "atr": 0.003030921196135564,
      "adx": 21,
      "W1": 1,
      "D1": 2,
      "H4": 2
    },
    "XAUUSD": {
      "last": 4047.31,
      "chg": -0.06141048551322647,
      "perfW": 1.767147846508569,
      "perf1M": -1.6523664073909485,
      "rsi": 44,
      "atr": 94.3416553794605,
      "adx": 34,
      "W1": 0,
      "D1": -1,
      "H4": -1
    },
    "XAGUSD": {
      "last": 57.9162,
      "chg": 0.516674332028786,
      "perfW": 4.141477712045751,
      "perf1M": -5.9817210759565524,
      "rsi": 43,
      "atr": 2.8441511858829545,
      "adx": 39,
      "W1": 0,
      "D1": -1,
      "H4": -1
    },
    "USOIL": {
      "last": 90.464,
      "chg": -2.045412709928206,
      "perfW": 13.715384712078743,
      "perf1M": 23.865596845304914,
      "rsi": 67,
      "atr": 3.994611486357195,
      "adx": 32,
      "W1": 1,
      "D1": 1,
      "H4": 1
    },
    "US500": {
      "last": 7408.3,
      "chg": -1.208967643513232,
      "perfW": -1.9910567814997089,
      "perf1M": 0.5672971325634522,
      "rsi": 45,
      "atr": 80.84461261117401,
      "adx": 13,
      "W1": 1,
      "D1": -1,
      "H4": -1
    },
    "USTEC": {
      "last": 28454.8083,
      "chg": -1.8735440964486618,
      "perfW": -2.9452317975787725,
      "perf1M": -3.1135975440433925,
      "rsi": 42,
      "atr": 591.8181177860968,
      "adx": 20,
      "W1": 1,
      "D1": -1,
      "H4": -1
    },
    "US30": {
      "last": 51711.65,
      "chg": -0.97078472834765,
      "perfW": -2.2923253835721042,
      "perf1M": -0.046370355136223236,
      "rsi": 46,
      "atr": 567.7704381774603,
      "adx": 19,
      "W1": 1,
      "D1": -1,
      "H4": -1
    }
  }
}
