{
  "asof": "2026-07-24",
  "source": "TradingView (scanner) — Recommend.All por timeframe",
  "status": "ok",
  "count": "17/17",
  "byAsset": {
    "EURUSD": {
      "last": 1.13892,
      "chg": 0.1239549542421527,
      "perfW": -0.44231542509484995,
      "perf1M": 0.05886228860091794,
      "rsi": 42,
      "atr": 0.005171797008927024,
      "adx": 26,
      "W1": 0,
      "D1": -1,
      "H4": -1
    },
    "GBPUSD": {
      "last": 1.3317,
      "chg": 0.015020653398437856,
      "perfW": -1.1652070654593905,
      "perf1M": 0.8787213089917472,
      "rsi": 45,
      "atr": 0.007604580336132442,
      "adx": 15,
      "W1": -1,
      "D1": -1,
      "H4": -1
    },
    "AUDUSD": {
      "last": 0.69916,
      "chg": 0.3473318598042279,
      "perfW": -0.04003202562048882,
      "perf1M": 1.0799635674941053,
      "rsi": 52,
      "atr": 0.004397373427176315,
      "adx": 20,
      "W1": 1,
      "D1": 1,
      "H4": 1
    },
    "NZDUSD": {
      "last": 0.57855,
      "chg": 0.25125628140704603,
      "perfW": -0.8432310144480496,
      "perf1M": 2.076643494830456,
      "rsi": 51,
      "atr": 0.004341271093211131,
      "adx": 24,
      "W1": -1,
      "D1": -1,
      "H4": -1
    },
    "USDCAD": {
      "last": 1.40786,
      "chg": 0.011366058108967677,
      "perfW": 0.29064383307924757,
      "perf1M": -0.8975017774054835,
      "rsi": 49,
      "atr": 0.0051495765755046555,
      "adx": 27,
      "W1": 1,
      "D1": 1,
      "H4": -1
    },
    "USDJPY": {
      "last": 163.73,
      "chg": -0.015266709413456496,
      "perfW": 0.8661688967743386,
      "perf1M": 1.3745278930097202,
      "rsi": 70,
      "atr": 0.6688406102862123,
      "adx": 20,
      "W1": 2,
      "D1": 1,
      "H4": 2
    },
    "USDCHF": {
      "last": 0.81659,
      "chg": 0.062493873149692486,
      "perfW": 1.0493620917944393,
      "perf1M": 0.8995316998430841,
      "rsi": 64,
      "atr": 0.00488861707162683,
      "adx": 28,
      "W1": 1,
      "D1": 1,
      "H4": 1
    },
    "AUDJPY": {
      "last": 114.478,
      "chg": 0.3286504298747623,
      "perfW": 0.8367979705447014,
      "perf1M": 2.505372492836665,
      "rsi": 65,
      "atr": 0.6551892973838304,
      "adx": 19,
      "W1": 1,
      "D1": 1,
      "H4": 1
    },
    "NZDJPY": {
      "last": 94.725,
      "chg": 0.22324734959899964,
      "perfW": -0.022164524096004893,
      "perf1M": 3.46352972016514,
      "rsi": 62,
      "atr": 0.6019640503969672,
      "adx": 30,
      "W1": 1,
      "D1": 2,
      "H4": 0
    },
    "AUDCAD": {
      "last": 0.98429,
      "chg": 0.338440523155651,
      "perfW": 0.26791353421755204,
      "perf1M": 0.24340564212241605,
      "rsi": 52,
      "atr": 0.005393638124134016,
      "adx": 13,
      "W1": 1,
      "D1": 2,
      "H4": 1
    },
    "EURCHF": {
      "last": 0.93006,
      "chg": 0.1388933751090166,
      "perfW": 0.5513751946030091,
      "perf1M": 0.9442563167491579,
      "rsi": 65,
      "atr": 0.0030116354818498503,
      "adx": 21,
      "W1": 1,
      "D1": 1,
      "H4": 2
    },
    "XAUUSD": {
      "last": 4058.8,
      "chg": 0.2223074391136187,
      "perfW": 2.056056906787225,
      "perf1M": -1.3731650835538565,
      "rsi": 45,
      "atr": 94.1758696651748,
      "adx": 34,
      "W1": 0,
      "D1": -1,
      "H4": -1
    },
    "XAGUSD": {
      "last": 58.416,
      "chg": 1.3841040637989526,
      "perfW": 5.040188445147712,
      "perf1M": -5.17037061086671,
      "rsi": 44,
      "atr": 2.8320083287400974,
      "adx": 39,
      "W1": 0,
      "D1": -1,
      "H4": 1
    },
    "USOIL": {
      "last": 89.367,
      "chg": -3.2332463482507228,
      "perfW": 12.336429801515981,
      "perf1M": 22.363556699619348,
      "rsi": 65,
      "atr": 3.994611486357195,
      "adx": 32,
      "W1": 1,
      "D1": 1,
      "H4": 1
    },
    "US500": {
      "last": 7408.3,
      "chg": -1.208967643513232,
      "perfW": -1.9910567814997089,
      "perf1M": 0.5672971325634522,
      "rsi": 45,
      "atr": 80.84461261117401,
      "adx": 13,
      "W1": 1,
      "D1": -1,
      "H4": -1
    },
    "USTEC": {
      "last": 28454.8083,
      "chg": -1.8735440964486618,
      "perfW": -2.9452317975787725,
      "perf1M": -3.1135975440433925,
      "rsi": 42,
      "atr": 591.8181177860968,
      "adx": 20,
      "W1": 1,
      "D1": -1,
      "H4": -1
    },
    "US30": {
      "last": 51711.65,
      "chg": -0.97078472834765,
      "perfW": -2.2923253835721042,
      "perf1M": -0.046370355136223236,
      "rsi": 46,
      "atr": 567.7704381774603,
      "adx": 19,
      "W1": 1,
      "D1": -1,
      "H4": -1
    }
  }
}
