{
  "asof": "2026-07-24",
  "source": "TradingView (scanner) — Recommend.All por timeframe",
  "status": "ok",
  "count": "17/17",
  "byAsset": {
    "EURUSD": {
      "last": 1.13781,
      "chg": 0.026373394519605714,
      "perfW": -0.5393450934456904,
      "perf1M": -0.03865583132000843,
      "rsi": 40,
      "atr": 0.005023225580355589,
      "adx": 26,
      "W1": -1,
      "D1": -1,
      "H4": -1
    },
    "GBPUSD": {
      "last": 1.3316,
      "chg": 0.007510326699210589,
      "perfW": -1.1726287665132875,
      "perf1M": 0.8711461252935265,
      "rsi": 45,
      "atr": 0.007383151764703879,
      "adx": 15,
      "W1": -1,
      "D1": -1,
      "H4": -1
    },
    "AUDUSD": {
      "last": 0.69733,
      "chg": 0.08468008152251622,
      "perfW": -0.3016699073544472,
      "perf1M": 0.8153941794734604,
      "rsi": 49,
      "atr": 0.0042645162843191736,
      "adx": 20,
      "W1": 1,
      "D1": -1,
      "H4": -1
    },
    "NZDUSD": {
      "last": 0.57793,
      "chg": 0.14382256108128721,
      "perfW": -0.9494918333419009,
      "perf1M": 1.9672536081019276,
      "rsi": 50,
      "atr": 0.004264842521782559,
      "adx": 24,
      "W1": -1,
      "D1": -1,
      "H4": -1
    },
    "USDCAD": {
      "last": 1.40763,
      "chg": -0.004972650422676316,
      "perfW": 0.27425949935174376,
      "perf1M": -0.9136920055469124,
      "rsi": 49,
      "atr": 0.005081005146933222,
      "adx": 27,
      "W1": 1,
      "D1": 0,
      "H4": -1
    },
    "USDJPY": {
      "last": 163.898,
      "chg": 0.08732557784495172,
      "perfW": 0.96966560705748,
      "perf1M": 1.4785462200482975,
      "rsi": 71,
      "atr": 0.6606977531433549,
      "adx": 20,
      "W1": 2,
      "D1": 2,
      "H4": 1
    },
    "USDCHF": {
      "last": 0.81674,
      "chg": 0.08087442407607023,
      "perfW": 1.0679239212483482,
      "perf1M": 0.9180660068453433,
      "rsi": 65,
      "atr": 0.004822188500198268,
      "adx": 28,
      "W1": 1,
      "D1": 1,
      "H4": 1
    },
    "AUDJPY": {
      "last": 114.283,
      "chg": 0.15775220633989187,
      "perfW": 0.6650341765907929,
      "perf1M": 2.330766475644694,
      "rsi": 64,
      "atr": 0.6425464402409737,
      "adx": 19,
      "W1": 1,
      "D1": 1,
      "H4": 2
    },
    "NZDJPY": {
      "last": 94.715,
      "chg": 0.21266690649005188,
      "perfW": -0.03271905937980675,
      "perf1M": 3.45260720449134,
      "rsi": 62,
      "atr": 0.5963926218255384,
      "adx": 30,
      "W1": 1,
      "D1": 2,
      "H4": 0
    },
    "AUDCAD": {
      "last": 0.98146,
      "chg": 0.04995055914044164,
      "perfW": -0.020373652792206872,
      "perf1M": -0.04481108055810123,
      "rsi": 48,
      "atr": 0.005190066695562594,
      "adx": 13,
      "W1": 1,
      "D1": -1,
      "H4": -1
    },
    "EURCHF": {
      "last": 0.92932,
      "chg": 0.059218105666639806,
      "perfW": 0.47137173499394897,
      "perf1M": 0.863940262221073,
      "rsi": 64,
      "atr": 0.002961635481849856,
      "adx": 21,
      "W1": 1,
      "D1": 1,
      "H4": 2
    },
    "XAUUSD": {
      "last": 4049.41,
      "chg": -0.00955603453704398,
      "perfW": 1.819951069013803,
      "perf1M": -1.6013374448097601,
      "rsi": 45,
      "atr": 92.0209410937462,
      "adx": 34,
      "W1": 0,
      "D1": -1,
      "H4": -1
    },
    "XAGUSD": {
      "last": 57.693,
      "chg": 0.12929874953357073,
      "perfW": 3.740132702785317,
      "perf1M": -6.344052856284803,
      "rsi": 42,
      "atr": 2.7595797573115264,
      "adx": 39,
      "W1": 0,
      "D1": -1,
      "H4": -1
    },
    "USOIL": {
      "last": 92.138,
      "chg": -0.23280239948890585,
      "perfW": 15.81964225107791,
      "perf1M": 26.15767998466467,
      "rsi": 71,
      "atr": 3.764182914928624,
      "adx": 32,
      "W1": 1,
      "D1": 1,
      "H4": 1
    },
    "US500": {
      "last": 7408.3,
      "chg": -1.208967643513232,
      "perfW": -1.9910567814997089,
      "perf1M": 0.5672971325634522,
      "rsi": 45,
      "atr": 80.84461261117401,
      "adx": 13,
      "W1": 1,
      "D1": -1,
      "H4": -1
    },
    "USTEC": {
      "last": 28454.8083,
      "chg": -1.8735440964486618,
      "perfW": -2.9452317975787725,
      "perf1M": -3.1135975440433925,
      "rsi": 42,
      "atr": 591.8181177860968,
      "adx": 20,
      "W1": 1,
      "D1": -1,
      "H4": -1
    },
    "US30": {
      "last": 51711.65,
      "chg": -0.97078472834765,
      "perfW": -2.2923253835721042,
      "perf1M": -0.046370355136223236,
      "rsi": 46,
      "atr": 567.7704381774603,
      "adx": 19,
      "W1": 1,
      "D1": -1,
      "H4": -1
    }
  }
}
