{
  "asof": "2026-07-24",
  "source": "TradingView (scanner) — Recommend.All por timeframe",
  "status": "ok",
  "count": "17/17",
  "byAsset": {
    "EURUSD": {
      "last": 1.13836,
      "chg": 0.07472461780555928,
      "perfW": -0.4912673298484203,
      "perf1M": 0.009663957830006984,
      "rsi": 41,
      "atr": 0.005072511294641309,
      "adx": 26,
      "W1": -1,
      "D1": -1,
      "H4": -1
    },
    "GBPUSD": {
      "last": 1.332,
      "chg": 0.037551633496069624,
      "perfW": -1.1429419622977481,
      "perf1M": 0.9014468600863587,
      "rsi": 45,
      "atr": 0.007454580336132443,
      "adx": 15,
      "W1": -1,
      "D1": -1,
      "H4": -1
    },
    "AUDUSD": {
      "last": 0.6975,
      "chg": 0.10907942704595443,
      "perfW": -0.27736474894200247,
      "perf1M": 0.8399716636065263,
      "rsi": 49,
      "atr": 0.004303801998604884,
      "adx": 20,
      "W1": 1,
      "D1": -1,
      "H4": -1
    },
    "NZDUSD": {
      "last": 0.57785,
      "chg": 0.12996014555536797,
      "perfW": -0.9632029067475738,
      "perf1M": 1.9531387840079089,
      "rsi": 50,
      "atr": 0.004304842521782559,
      "adx": 24,
      "W1": -1,
      "D1": -1,
      "H4": -1
    },
    "USDCAD": {
      "last": 1.40732,
      "chg": -0.02699438800881203,
      "perfW": 0.25217626693640577,
      "perf1M": -0.9355136173897146,
      "rsi": 48,
      "atr": 0.005130290861218942,
      "adx": 27,
      "W1": 1,
      "D1": 0,
      "H4": -1
    },
    "USDJPY": {
      "last": 163.776,
      "chg": 0.012824035907309706,
      "perfW": 0.8945072817328295,
      "perf1M": 1.4030091016036281,
      "rsi": 70,
      "atr": 0.663697753143355,
      "adx": 20,
      "W1": 2,
      "D1": 1,
      "H4": 1
    },
    "USDCHF": {
      "last": 0.81658,
      "chg": 0.06126850308792581,
      "perfW": 1.0481246364975036,
      "perf1M": 0.8982960793762587,
      "rsi": 64,
      "atr": 0.004822188500198268,
      "adx": 28,
      "W1": 1,
      "D1": 1,
      "H4": 1
    },
    "AUDJPY": {
      "last": 114.233,
      "chg": 0.11393214902325939,
      "perfW": 0.6209921781410738,
      "perf1M": 2.285995702005728,
      "rsi": 63,
      "atr": 0.6436178688124014,
      "adx": 19,
      "W1": 1,
      "D1": 1,
      "H4": 1
    },
    "NZDJPY": {
      "last": 94.633,
      "chg": 0.12590727299659285,
      "perfW": -0.11926624870706895,
      "perf1M": 3.3630425759660896,
      "rsi": 61,
      "atr": 0.5994640503969665,
      "adx": 30,
      "W1": 1,
      "D1": 2,
      "H4": -1
    },
    "AUDCAD": {
      "last": 0.98152,
      "chg": 0.056066954137225344,
      "perfW": -0.014261556954549334,
      "perf1M": -0.038700478663819836,
      "rsi": 48,
      "atr": 0.005212923838419736,
      "adx": 13,
      "W1": 1,
      "D1": -1,
      "H4": -1
    },
    "EURCHF": {
      "last": 0.92956,
      "chg": 0.08505873359390037,
      "perfW": 0.49731880297526904,
      "perf1M": 0.889988712338293,
      "rsi": 64,
      "atr": 0.002966635481849857,
      "adx": 21,
      "W1": 1,
      "D1": 1,
      "H4": 2
    },
    "XAUUSD": {
      "last": 4042.95,
      "chg": -0.1690702027780703,
      "perfW": 1.6575182988310275,
      "perf1M": -1.7583122535119,
      "rsi": 44,
      "atr": 92.13015537946053,
      "adx": 34,
      "W1": 0,
      "D1": -1,
      "H4": -1
    },
    "XAGUSD": {
      "last": 57.5951,
      "chg": -0.04061195622932774,
      "perfW": 3.564094726053266,
      "perf1M": -6.502978847745974,
      "rsi": 42,
      "atr": 2.7715083287400977,
      "adx": 39,
      "W1": 0,
      "D1": -1,
      "H4": -1
    },
    "USOIL": {
      "last": 91.799,
      "chg": -0.5998722293807325,
      "perfW": 15.393511244076286,
      "perf1M": 25.69351261056494,
      "rsi": 70,
      "atr": 3.8216114863571953,
      "adx": 32,
      "W1": 1,
      "D1": 1,
      "H4": 2
    },
    "US500": {
      "last": 7408.3,
      "chg": -1.208967643513232,
      "perfW": -1.9910567814997089,
      "perf1M": 0.5672971325634522,
      "rsi": 45,
      "atr": 80.84461261117401,
      "adx": 13,
      "W1": 1,
      "D1": -1,
      "H4": -1
    },
    "USTEC": {
      "last": 28454.8083,
      "chg": -1.8735440964486618,
      "perfW": -2.9452317975787725,
      "perf1M": -3.1135975440433925,
      "rsi": 42,
      "atr": 591.8181177860968,
      "adx": 20,
      "W1": 1,
      "D1": -1,
      "H4": -1
    },
    "US30": {
      "last": 51711.65,
      "chg": -0.97078472834765,
      "perfW": -2.2923253835721042,
      "perf1M": -0.046370355136223236,
      "rsi": 46,
      "atr": 567.7704381774603,
      "adx": 19,
      "W1": 1,
      "D1": -1,
      "H4": -1
    }
  }
}
