{
  "asof": "2026-07-24",
  "source": "TradingView (scanner) — Recommend.All por timeframe",
  "status": "ok",
  "count": "17/17",
  "byAsset": {
    "EURUSD": {
      "last": 1.13698,
      "chg": -0.04659299698463481,
      "perfW": -0.611898809419736,
      "perf1M": -0.11157478585546957,
      "rsi": 39,
      "atr": 0.005244654151784168,
      "adx": 26,
      "W1": -1,
      "D1": -1,
      "H4": -2
    },
    "GBPUSD": {
      "last": 1.3322,
      "chg": 0.0525722868944908,
      "perfW": -1.1280985601899867,
      "perf1M": 0.9165972274827664,
      "rsi": 45,
      "atr": 0.00764743747898958,
      "adx": 15,
      "W1": -1,
      "D1": -1,
      "H4": -1
    },
    "AUDUSD": {
      "last": 0.69852,
      "chg": 0.25547550018658377,
      "perfW": -0.131533798467334,
      "perf1M": 0.9874365684049217,
      "rsi": 51,
      "atr": 0.004458087712890602,
      "adx": 20,
      "W1": 1,
      "D1": 1,
      "H4": 0
    },
    "NZDUSD": {
      "last": 0.57903,
      "chg": 0.33443077456248455,
      "perfW": -0.760964574014088,
      "perf1M": 2.161332439394491,
      "rsi": 52,
      "atr": 0.00442555680749685,
      "adx": 24,
      "W1": -1,
      "D1": 0,
      "H4": 0
    },
    "USDCAD": {
      "last": 1.40935,
      "chg": 0.11721247424878536,
      "perfW": 0.39678582114007,
      "perf1M": -0.7926172559674947,
      "rsi": 51,
      "atr": 0.0053460051469332295,
      "adx": 26,
      "W1": 1,
      "D1": 1,
      "H4": 1
    },
    "USDJPY": {
      "last": 163.828,
      "chg": 0.04457879148728741,
      "perfW": 0.9265419777728435,
      "perf1M": 1.4352052504488961,
      "rsi": 70,
      "atr": 0.6695548960004974,
      "adx": 20,
      "W1": 2,
      "D1": 1,
      "H4": 2
    },
    "USDCHF": {
      "last": 0.81817,
      "chg": 0.2561023429075489,
      "perfW": 1.2448800287089576,
      "perf1M": 1.0947597336002248,
      "rsi": 66,
      "atr": 0.0049529027859125455,
      "adx": 28,
      "W1": 1,
      "D1": 2,
      "H4": 2
    },
    "AUDJPY": {
      "last": 114.439,
      "chg": 0.2944707851677857,
      "perfW": 0.8024452117539171,
      "perf1M": 2.470451289398268,
      "rsi": 65,
      "atr": 0.6613321545266874,
      "adx": 19,
      "W1": 1,
      "D1": 1,
      "H4": 2
    },
    "NZDJPY": {
      "last": 94.854,
      "chg": 0.3597350657045553,
      "perfW": 0.11398898106516803,
      "perf1M": 3.604430172357294,
      "rsi": 63,
      "atr": 0.6146069075398238,
      "adx": 30,
      "W1": 1,
      "D1": 2,
      "H4": 1
    },
    "AUDCAD": {
      "last": 0.98444,
      "chg": 0.35373151064762154,
      "perfW": 0.2831937738117072,
      "perf1M": 0.25868214685813085,
      "rsi": 52,
      "atr": 0.00545292383841973,
      "adx": 13,
      "W1": 1,
      "D1": 2,
      "H4": 1
    },
    "EURCHF": {
      "last": 0.93023,
      "chg": 0.1571971532241585,
      "perfW": 0.5697543677564432,
      "perf1M": 0.9627073022488544,
      "rsi": 65,
      "atr": 0.0030344926247070003,
      "adx": 21,
      "W1": 1,
      "D1": 2,
      "H4": 1
    },
    "XAUUSD": {
      "last": 4065.957,
      "chg": 0.3990323465595894,
      "perfW": 2.2360153179633966,
      "perf1M": -1.1992535191759677,
      "rsi": 46,
      "atr": 95.6423696651748,
      "adx": 34,
      "W1": 0,
      "D1": -1,
      "H4": 0
    },
    "XAGUSD": {
      "last": 58.55,
      "chg": 1.6166682575908777,
      "perfW": 5.281139301961767,
      "perf1M": -4.952841674648142,
      "rsi": 44,
      "atr": 2.8690083287400974,
      "adx": 39,
      "W1": 0,
      "D1": -1,
      "H4": 1
    },
    "USOIL": {
      "last": 88.853,
      "chg": -3.7898065033079598,
      "perfW": 11.69031966110643,
      "perf1M": 21.65977489936192,
      "rsi": 64,
      "atr": 4.0698972006429095,
      "adx": 32,
      "W1": 1,
      "D1": 1,
      "H4": 1
    },
    "US500": {
      "last": 7433.11,
      "chg": 0.3348946451952471,
      "perfW": -0.19348722796314427,
      "perf1M": 0.8442682556221179,
      "rsi": 47,
      "atr": 79.59928313894729,
      "adx": 14,
      "W1": 1,
      "D1": -1,
      "H4": -1
    },
    "USTEC": {
      "last": 28279.5781,
      "chg": -0.6158192954686037,
      "perfW": -0.5945462950638436,
      "perf1M": -3.546941323141918,
      "rsi": 40,
      "atr": 576.2369022299471,
      "adx": 21,
      "W1": 1,
      "D1": -1,
      "H4": -1
    },
    "US30": {
      "last": 51955.72,
      "chg": 0.4719826190036475,
      "perfW": -0.8979053706849518,
      "perf1M": 0.5709750632733771,
      "rsi": 50,
      "atr": 558.3461211647847,
      "adx": 18,
      "W1": 1,
      "D1": 1,
      "H4": 0
    }
  }
}
