{
  "asof": "2026-07-24",
  "source": "TradingView (scanner) — Recommend.All por timeframe",
  "status": "ok",
  "count": "17/17",
  "byAsset": {
    "EURUSD": {
      "last": 1.13783,
      "chg": 0.028131620820904955,
      "perfW": -0.5375968111330705,
      "perf1M": -0.036898748078197846,
      "rsi": 40,
      "atr": 0.005023225580355589,
      "adx": 26,
      "W1": -1,
      "D1": -1,
      "H4": -1
    },
    "GBPUSD": {
      "last": 1.3317,
      "chg": 0.015020653398437856,
      "perfW": -1.1652070654593905,
      "perf1M": 0.8787213089917472,
      "rsi": 45,
      "atr": 0.007383151764703879,
      "adx": 15,
      "W1": -1,
      "D1": -1,
      "H4": -1
    },
    "AUDUSD": {
      "last": 0.69732,
      "chg": 0.08324482590349698,
      "perfW": -0.3030996225551727,
      "perf1M": 0.8139484451126984,
      "rsi": 49,
      "atr": 0.0042645162843191736,
      "adx": 20,
      "W1": 1,
      "D1": -1,
      "H4": -1
    },
    "NZDUSD": {
      "last": 0.57796,
      "chg": 0.1490209669034973,
      "perfW": -0.9443501808147831,
      "perf1M": 1.972546667137175,
      "rsi": 51,
      "atr": 0.004264842521782559,
      "adx": 24,
      "W1": -1,
      "D1": -1,
      "H4": -1
    },
    "USDCAD": {
      "last": 1.40762,
      "chg": -0.0056830290544759516,
      "perfW": 0.2735471370157764,
      "perf1M": -0.9143959285095723,
      "rsi": 49,
      "atr": 0.005081005146933222,
      "adx": 27,
      "W1": 1,
      "D1": 0,
      "H4": -1
    },
    "USDJPY": {
      "last": 163.888,
      "chg": 0.08121889407957607,
      "perfW": 0.9635050885882511,
      "perf1M": 1.4723546529626739,
      "rsi": 71,
      "atr": 0.6606977531433549,
      "adx": 20,
      "W1": 2,
      "D1": 2,
      "H4": 1
    },
    "USDCHF": {
      "last": 0.81676,
      "chg": 0.08332516419958998,
      "perfW": 1.0703988318422055,
      "perf1M": 0.9205372477789806,
      "rsi": 65,
      "atr": 0.004822188500198268,
      "adx": 28,
      "W1": 1,
      "D1": 1,
      "H4": 1
    },
    "AUDJPY": {
      "last": 114.294,
      "chg": 0.1673926189495478,
      "perfW": 0.6747234162497279,
      "perf1M": 2.3406160458452634,
      "rsi": 64,
      "atr": 0.6425464402409737,
      "adx": 19,
      "W1": 1,
      "D1": 1,
      "H4": 2
    },
    "NZDJPY": {
      "last": 94.726,
      "chg": 0.22430539390990042,
      "perfW": -0.02110907056761871,
      "perf1M": 3.464621971732526,
      "rsi": 62,
      "atr": 0.5966783361112521,
      "adx": 30,
      "W1": 1,
      "D1": 2,
      "H4": 0
    },
    "AUDCAD": {
      "last": 0.98161,
      "chg": 0.06524154663241219,
      "perfW": -0.005093413198051718,
      "perf1M": -0.02953457582238644,
      "rsi": 48,
      "atr": 0.005191495266991158,
      "adx": 13,
      "W1": 1,
      "D1": -1,
      "H4": -1
    },
    "EURCHF": {
      "last": 0.9293,
      "chg": 0.05706472000603276,
      "perfW": 0.469209479328837,
      "perf1M": 0.8617695580446361,
      "rsi": 64,
      "atr": 0.002961635481849856,
      "adx": 21,
      "W1": 1,
      "D1": 1,
      "H4": 2
    },
    "XAUUSD": {
      "last": 4048.94,
      "chg": -0.02116155451742324,
      "perfW": 1.8081332049293029,
      "perf1M": -1.6127582126255455,
      "rsi": 45,
      "atr": 92.0209410937462,
      "adx": 34,
      "W1": 0,
      "D1": -1,
      "H4": -1
    },
    "XAGUSD": {
      "last": 57.6663,
      "chg": 0.08295946614369046,
      "perfW": 3.6921223454947585,
      "perf1M": -6.387396308501484,
      "rsi": 42,
      "atr": 2.7595797573115264,
      "adx": 39,
      "W1": 0,
      "D1": -1,
      "H4": -1
    },
    "USOIL": {
      "last": 92.138,
      "chg": -0.23280239948890585,
      "perfW": 15.81964225107791,
      "perf1M": 26.15767998466467,
      "rsi": 71,
      "atr": 3.764182914928624,
      "adx": 32,
      "W1": 1,
      "D1": 1,
      "H4": 1
    },
    "US500": {
      "last": 7408.3,
      "chg": -1.208967643513232,
      "perfW": -1.9910567814997089,
      "perf1M": 0.5672971325634522,
      "rsi": 45,
      "atr": 80.84461261117401,
      "adx": 13,
      "W1": 1,
      "D1": -1,
      "H4": -1
    },
    "USTEC": {
      "last": 28454.8083,
      "chg": -1.8735440964486618,
      "perfW": -2.9452317975787725,
      "perf1M": -3.1135975440433925,
      "rsi": 42,
      "atr": 591.8181177860968,
      "adx": 20,
      "W1": 1,
      "D1": -1,
      "H4": -1
    },
    "US30": {
      "last": 51711.65,
      "chg": -0.97078472834765,
      "perfW": -2.2923253835721042,
      "perf1M": -0.046370355136223236,
      "rsi": 46,
      "atr": 567.7704381774603,
      "adx": 19,
      "W1": 1,
      "D1": -1,
      "H4": -1
    }
  }
}
