{
  "asof": "2026-07-23",
  "source": "TradingView (scanner) — Recommend.All por timeframe",
  "status": "ok",
  "count": "17/17",
  "byAsset": {
    "EURUSD": {
      "last": 1.13793,
      "chg": 0.036922752327459715,
      "perfW": -0.5288553995699128,
      "perf1M": -0.0281133318690864,
      "rsi": 40,
      "atr": 0.005018939866069878,
      "adx": 26,
      "W1": -1,
      "D1": -1,
      "H4": -1
    },
    "GBPUSD": {
      "last": 1.3316,
      "chg": 0.007510326699210589,
      "perfW": -1.1726287665132875,
      "perf1M": 0.8711461252935265,
      "rsi": 45,
      "atr": 0.00736172319327531,
      "adx": 15,
      "W1": -1,
      "D1": -1,
      "H4": -1
    },
    "AUDUSD": {
      "last": 0.6968,
      "chg": 0.008611533714147168,
      "perfW": -0.3774448129932483,
      "perf1M": 0.7387702583527227,
      "rsi": 48,
      "atr": 0.00421880199860489,
      "adx": 20,
      "W1": 1,
      "D1": -1,
      "H4": -1
    },
    "NZDUSD": {
      "last": 0.5772,
      "chg": 0.01732801940739907,
      "perfW": -1.074605378168543,
      "perf1M": 1.838455838244133,
      "rsi": 49,
      "atr": 0.0042076996646397075,
      "adx": 24,
      "W1": -1,
      "D1": -1,
      "H4": -1
    },
    "USDCAD": {
      "last": 1.40825,
      "chg": 0.03907082474959512,
      "perfW": 0.31842596418241986,
      "perf1M": -0.870048781861308,
      "rsi": 50,
      "atr": 0.005058862289790363,
      "adx": 27,
      "W1": 1,
      "D1": 1,
      "H4": 0
    },
    "USDJPY": {
      "last": 163.843,
      "chg": 0.05373881713535089,
      "perfW": 0.9357827554766867,
      "perf1M": 1.4444926010773318,
      "rsi": 71,
      "atr": 0.6553406102862128,
      "adx": 20,
      "W1": 2,
      "D1": 1,
      "H4": 1
    },
    "USDCHF": {
      "last": 0.81666,
      "chg": 0.07107146358200482,
      "perfW": 1.0580242788729328,
      "perf1M": 0.9081810431108078,
      "rsi": 65,
      "atr": 0.004807902785912547,
      "adx": 28,
      "W1": 1,
      "D1": 1,
      "H4": 1
    },
    "AUDJPY": {
      "last": 114.162,
      "chg": 0.05170766763363953,
      "perfW": 0.5584525403424708,
      "perf1M": 2.2224212034383948,
      "rsi": 63,
      "atr": 0.6334035830981166,
      "adx": 19,
      "W1": 1,
      "D1": 1,
      "H4": 1
    },
    "NZDJPY": {
      "last": 94.559,
      "chg": 0.04761199399031012,
      "perfW": -0.19736980980727167,
      "perf1M": 3.2822159599798977,
      "rsi": 61,
      "atr": 0.5852497646826809,
      "adx": 30,
      "W1": 1,
      "D1": 1,
      "H4": 0
    },
    "AUDCAD": {
      "last": 0.98131,
      "chg": 0.0346595716484711,
      "perfW": -0.035653892386362025,
      "perf1M": -0.06008758529381601,
      "rsi": 48,
      "atr": 0.005162209552705451,
      "adx": 13,
      "W1": 1,
      "D1": -1,
      "H4": -1
    },
    "EURCHF": {
      "last": 0.92928,
      "chg": 0.054911334345425715,
      "perfW": 0.467047223663725,
      "perf1M": 0.859598853868199,
      "rsi": 64,
      "atr": 0.0029516354818498536,
      "adx": 21,
      "W1": 1,
      "D1": 1,
      "H4": 2
    },
    "XAUUSD": {
      "last": 4049.28,
      "chg": -0.01276607197841831,
      "perfW": 1.816682298096821,
      "perf1M": -1.6044963805885872,
      "rsi": 45,
      "atr": 91.50365537946051,
      "adx": 34,
      "W1": 0,
      "D1": -1,
      "H4": -1
    },
    "XAGUSD": {
      "last": 57.6332,
      "chg": 0.025512639169719485,
      "perfW": 3.6326038875802467,
      "perf1M": -6.441129202448007,
      "rsi": 42,
      "atr": 2.7429369001686688,
      "adx": 39,
      "W1": 0,
      "D1": -1,
      "H4": -1
    },
    "USOIL": {
      "last": 92.104,
      "chg": -0.26961766266390397,
      "perfW": 15.77690344801579,
      "perf1M": 26.111126324725458,
      "rsi": 71,
      "atr": 3.7450400577857663,
      "adx": 32,
      "W1": 1,
      "D1": 1,
      "H4": 1
    },
    "US500": {
      "last": 7408.3,
      "chg": -1.208967643513232,
      "perfW": -1.9910567814997089,
      "perf1M": 0.5672971325634522,
      "rsi": 45,
      "atr": 80.84461261117401,
      "adx": 13,
      "W1": 1,
      "D1": -1,
      "H4": -1
    },
    "USTEC": {
      "last": 28454.8083,
      "chg": -1.8735440964486618,
      "perfW": -2.9452317975787725,
      "perf1M": -3.1135975440433925,
      "rsi": 42,
      "atr": 591.8181177860968,
      "adx": 20,
      "W1": 1,
      "D1": -1,
      "H4": -1
    },
    "US30": {
      "last": 51711.65,
      "chg": -0.97078472834765,
      "perfW": -2.2923253835721042,
      "perf1M": -0.046370355136223236,
      "rsi": 46,
      "atr": 567.7704381774603,
      "adx": 19,
      "W1": 1,
      "D1": -1,
      "H4": -1
    }
  }
}
